{
  "group": "B",
  "method": "step_spsa",
  "description": "\u6bcf\u4e2a\u65f6\u95f4\u6b65\u5355\u72ec SPSA \u4f18\u5316",
  "step_update_interval": 10,
  "total_spsa_updates": 2700,
  "final_train_loss": 0.6575732726814612,
  "final_test_loss": 0.5661777853965759,
  "trajectory": {
    "epoch": [
      0,
      1,
      2,
      3,
      4,
      5,
      6,
      7,
      8,
      9,
      10,
      11,
      12,
      13,
      14,
      15,
      16,
      17,
      18,
      19,
      20,
      21,
      22,
      23,
      24,
      25,
      26,
      27,
      28,
      29,
      30,
      31,
      32,
      33,
      34,
      35,
      36,
      37,
      38,
      39,
      40,
      41,
      42,
      43,
      44,
      45,
      46,
      47,
      48,
      49,
      50,
      51,
      52,
      53,
      54,
      55,
      56,
      57,
      58,
      59,
      60,
      61,
      62,
      63,
      64,
      65,
      66,
      67,
      68,
      69,
      70,
      71,
      72,
      73,
      74,
      75,
      76,
      77,
      78,
      79,
      80,
      81,
      82,
      83,
      84,
      85,
      86,
      87,
      88,
      89,
      90,
      91,
      92,
      93,
      94,
      95,
      96,
      97,
      98,
      99,
      100
    ],
    "loss": [
      1.240228533744812,
      1.214720827228618,
      1.1794267413751134,
      1.1488589010710986,
      1.1174756041675245,
      1.092358259659893,
      1.0708536122205123,
      1.050305629957397,
      1.0299879940050953,
      1.0125146036159318,
      0.9955525253178938,
      0.9821528577860796,
      0.9717320456819715,
      0.9603632657314246,
      0.9464599663075411,
      0.9344546534542767,
      0.9268552145586824,
      0.9195349544286728,
      0.9108769054682749,
      0.9024371390072805,
      0.8934137678371286,
      0.885567623489308,
      0.8786833022000655,
      0.8716764658408345,
      0.8651422490769962,
      0.8586690500940917,
      0.852037097035714,
      0.8460101605586285,
      0.8404714935793067,
      0.835542716310834,
      0.8315824179435676,
      0.8277520311609754,
      0.8246351282832758,
      0.819195670732912,
      0.8153340497950338,
      0.812114969373874,
      0.8076632749359562,
      0.8039940781469616,
      0.7990753110287324,
      0.7955671239011692,
      0.7930287845292181,
      0.7895877695027388,
      0.7864935417501432,
      0.7835559869712254,
      0.7798415625151598,
      0.7750569254722235,
      0.7720571212892262,
      0.768760261220752,
      0.766103090233398,
      0.7627236629432103,
      0.7598313876199272,
      0.7573509502242196,
      0.7541200460971527,
      0.7521932717764153,
      0.7491696887140004,
      0.7459801827118082,
      0.7432831009041588,
      0.7405744173616733,
      0.7374964722203758,
      0.7351476293970953,
      0.7318121967169474,
      0.7295491453330472,
      0.7270475146343123,
      0.7240187286768319,
      0.7205282263598352,
      0.7180714027780407,
      0.7143954832598848,
      0.7120603112679608,
      0.7096420973258198,
      0.7084821384751572,
      0.7071078072179039,
      0.705376072452878,
      0.7031561719640246,
      0.7010160328082319,
      0.6992782829786247,
      0.6973873196907763,
      0.6953813168237795,
      0.6935951324285201,
      0.6920932371380194,
      0.6903324380517006,
      0.6888572471040599,
      0.6877255191780486,
      0.6856671153936746,
      0.6836571277874821,
      0.6816696197919125,
      0.6800405593694381,
      0.678582493932742,
      0.6769476897592814,
      0.6746209868563796,
      0.6729359699026594,
      0.6708801541125999,
      0.6694448804517962,
      0.6678320543383652,
      0.6658544169844322,
      0.6646944431482621,
      0.6640604276702089,
      0.6624257459955395,
      0.6611837746399754,
      0.6598891378011343,
      0.6588412275854146,
      0.6575732726814612
    ],
    "fr": [
      0.5530968333133037,
      0.5126579838160478,
      0.49294956535672796,
      0.5004679425549814,
      0.5275314966149902,
      0.4946503324920883,
      0.5024063113407844,
      0.5011001281897208,
      0.4737561591154909,
      0.5302117133357369,
      0.5188301185754918,
      0.47377418579497654,
      0.4766962604654889,
      0.5215751812682771,
      0.4935837539558547,
      0.5107894684132516,
      0.5041073288466931,
      0.519238973681048,
      0.5062762889075832,
      0.528534981773024,
      0.5312853022473261,
      0.5393109301766614,
      0.5231547690582061,
      0.5655793073749149,
      0.5522590934583184,
      0.5546776729559748,
      0.49188549052597846,
      0.498349306974322,
      0.49313659215639144,
      0.49386441934062414,
      0.5206465569042182,
      0.5279213235588671,
      0.5074269919480832,
      0.5089397308015864,
      0.5432978307895686,
      0.5311100428634379,
      0.5385292733245203,
      0.5357624283940231,
      0.5762701297920922,
      0.5103575792172416,
      0.5292525437647718,
      0.5254934803509194,
      0.5448321015102352,
      0.5249071125265393,
      0.5465864479429555,
      0.5617301105636342,
      0.5637388334735408,
      0.5336022313023274,
      0.5311085406401475,
      0.5451763610143011,
      0.5522205363938629,
      0.5603913792412771,
      0.5583007851620398,
      0.5854514681728958,
      0.5727524235869086,
      0.5998673036093418,
      0.49025007010375354,
      0.5083974281937267,
      0.5402170211913632,
      0.5393622561390858,
      0.49805412009774463,
      0.5219549933902176,
      0.5427192244521892,
      0.5469349637463445,
      0.5142458338340744,
      0.529123102191243,
      0.5504148639987181,
      0.5343898970476305,
      0.5583856607779514,
      0.5342514421343588,
      0.5306045447261948,
      0.5477661939670713,
      0.5484887633697872,
      0.5582254236269679,
      0.5728658414453391,
      0.5834289748828266,
      0.5300930376957897,
      0.5320739694748228,
      0.5454139626647438,
      0.5280928273845291,
      0.5569567960581661,
      0.5642192945559428,
      0.5263006749989985,
      0.5639994692144373,
      0.5468733725914353,
      0.5462306713936627,
      0.5406040940592076,
      0.5620590974642471,
      0.5313418859912671,
      0.5343924007531146,
      0.5568115811400873,
      0.5820101249849777,
      0.5672705604294356,
      0.5742879461603173,
      0.5868658114008732,
      0.6108270239955134,
      0.561725103152666,
      0.5994597003565276,
      0.5859068922004567,
      0.587631945279013,
      0.5800727576813685
    ],
    "spsa_count": [
      0,
      27,
      54,
      81,
      108,
      135,
      162,
      189,
      216,
      243,
      270,
      297,
      324,
      351,
      378,
      405,
      432,
      459,
      486,
      513,
      540,
      567,
      594,
      621,
      648,
      675,
      702,
      729,
      756,
      783,
      810,
      837,
      864,
      891,
      918,
      945,
      972,
      999,
      1026,
      1053,
      1080,
      1107,
      1134,
      1161,
      1188,
      1215,
      1242,
      1269,
      1296,
      1323,
      1350,
      1377,
      1404,
      1431,
      1458,
      1485,
      1512,
      1539,
      1566,
      1593,
      1620,
      1647,
      1674,
      1701,
      1728,
      1755,
      1782,
      1809,
      1836,
      1863,
      1890,
      1917,
      1944,
      1971,
      1998,
      2025,
      2052,
      2079,
      2106,
      2133,
      2160,
      2187,
      2214,
      2241,
      2268,
      2295,
      2322,
      2349,
      2376,
      2403,
      2430,
      2457,
      2484,
      2511,
      2538,
      2565,
      2592,
      2619,
      2646,
      2673,
      2700
    ],